{
  "explained_variance_ratio": [
    0.26657281833087293,
    0.1920875964857438,
    0.09133092286552283,
    0.08397078013086912,
    0.07114493097896987,
    0.06593968014566683,
    0.05922644132901721,
    0.054106030678644654,
    0.04574106696447253,
    0.02389272956920757
  ],
  "cumulative_variance": [
    0.26657281833087293,
    0.45866041481661673,
    0.5499913376821396,
    0.6339621178130087,
    0.7051070487919786,
    0.7710467289376455,
    0.8302731702666627,
    0.8843792009453073,
    0.9301202679097799,
    0.9540129974789875
  ]
}